Ahmed,Davis,auctor@Loremipsum.org,Ap #431-3870 At St.	San Francisco	NJ,true,4,0
Clementine,Gilliam,nisi.sem@ultricesaauctor.ca,Ap #859-6033 Cursus	Av.	East Hartford	TX,false,1,6
Avram,Freeman,hendrerit.neque.In@laoreetlibero.org,P.O. Box 393	8650 Amet Av.	Clarksburg	IL,true,1,6
Bethany,Holland,id.enim.Curabitur@gravidanon.edu,8365 Enim. Rd.	Sherrill	Iowa,false,1,5
Claire,Frazier,scelerisque.neque@molestieintempus.ca,Ap #300-3996 Nunc. St.	Sioux City	New Mexico,false,1,2
Adena,Snow,ipsum@tellusPhasellus.com,3166 Aliquam Av.	Hayward	Massachusetts,false,4,6
Dane,Patterson,nec.leo@nisiMaurisnulla.org,810-8620 Sociis St.	Bremerton	Arizona,true,3,3
Dacey,Mccoy,quis.massa@neque.edu,P.O. Box 497	6800 Vestibulum Rd.	Forrest City	MT,false,1,3
Cruz,Clemons,dolor.Nulla.semper@sitamet.com,P.O. Box 770	8327 Dolor. St.	Oxnard	GA,true,4,5
Bruno,Montgomery,purus.gravida@tincidunt.edu,1560 Phasellus Ave	Temple City	Iowa,true,4,7
Beau,Melendez,egestas.Aliquam@Maecenasliberoest.com,P.O. Box 444	1534 Iaculis St.	Fulton	Ohio,true,1,1
Aiko,Bowers,fringilla@vehicula.com,Ap #933-3702 Enim Rd.	Muskogee	SC,false,4,7
Caldwell,Bridges,facilisis.eget.ipsum@nisi.edu,3839 Dui Avenue	Louisville	WI,true,2,1
Brittany,Snider,Quisque@urna.ca,8531 Neque. Rd.	Concord	Idaho,false,2,3
David,Stevens,In@egestasligula.org,120-6655 Eu Av.	North Little Rock	WI,true,2,3
Aurelia,Salas,ut@sem.edu,167-3875 Luctus. Av.	Escondido	OK,false,1,1
Abel,Ballard,Quisque.porttitor@massaMaurisvestibulum.edu,P.O. Box 886	1874 Proin Road	Overland Park	WI,true,3,5
Chelsea,Mcguire,Aliquam.auctor.velit@Nam.ca,Ap #471-6808 Leo. Rd.	Montebello	PA,false,2,2
Blythe,Cardenas,dapibus.gravida.Aliquam@nisidictum.org,907-3299 Lectus St.	Huntington Park	MO,false,1,6
Byron,Farmer,scelerisque.dui@lobortisnisi.com,Ap #322-806 Augue Ave	West Warwick	Louisiana,true,4,5
Dale,Weber,commodo.ipsum@egetipsum.edu,P.O. Box 935	8045 Vulputate	Street	Brockton	NV,true,4,1
Berk,Woods,diam@etarcu.edu,5736 Eu Street	San Juan Capistrano	Wisconsin,true,4,1
Brittany,Ramirez,pede@Nam.edu,221-2194 Donec Ave	Westfield	New Mexico,false,3,3
Callie,Vinson,vulputate.mauris@tortor.ca,P.O. Box 758	2083 Magna. Rd.	Kona	Illinois,false,1,1
Benedict,Randall,Proin@necleo.ca,P.O. Box 286	3197 Et	St.	Livonia	Maryland,true,2,7
Adara,Madden,eget.ipsum@ametrisus.com,487-1507 Leo. Av.	Austin	CA,false,1,0
Carissa,Parks,consectetuer@feugiatnec.edu,Ap #699-2826 Sed Avenue	New York	Nevada,false,1,0
Dana,Barrett,vitae@pellentesquea.org,Ap #217-8421 Curae; Street	Utica	Colorado,false,2,6
Armand,Rojas,metus@etmalesuadafames.ca,196-4568 Risus. St.	Parkersburg	MN,true,4,5
Brooke,Johns,euismod.urna.Nullam@lectus.com,952-4280 Integer St.	Manassas Park	Illinois,false,4,3
Chiquita,Charles,mus.Proin.vel@varius.edu,P.O. Box 716	1092 Elit. St.	Arcadia	CA,false,3,6
Ava,Jacobson,sit@diam.ca,335-2208 Ante	Av.	Grand Rapids	Vermont,false,1,6
Alexander,Bridges,felis.Nulla.tempor@urna.com,494-101 At St.	Detroit	HI,true,4,5
Bruce,Cameron,condimentum.eget@arcuSed.org,P.O. Box 590	1919 Consectetuer Rd.	Wynne	Mississippi,true,4,0
Dante,Gregory,Etiam@necmauris.ca,3647 In Ave	Half Moon Bay	New Hampshire,true,4,0
Bradley,Lowery,In.ornare@pulvinar.com,968-6192 Id	Avenue	Brooklyn Park	New Hampshire,true,4,0
Brennan,William,Suspendisse.dui.Fusce@interdum.edu,597-7426 Suspendisse Rd.	West Hollywood	District of Columbia,true,2,1
Colt,Evans,sodales.nisi.magna@Duisac.ca,789-3582 Duis St.	New Bedford	KS,true,4,3
Caryn,Cameron,enim.non@nuncacmattis.edu,P.O. Box 261	3189 Pellentesque	Rd.	Marquette	UT,false,2,4
Charissa,Donovan,dapibus.gravida.Aliquam@auctorMauris.ca,803-6007 Lacus Avenue	Wisconsin Dells	MN,false,1,7
Cooper,Conley,arcu@nonummy.org,4135 Montes	Road	Steubenville	MT,true,1,3
Dalton,Singleton,est.Mauris.eu@sollicitudina.com,Ap #843-1563 Ad St.	Santa Monica	AK,true,3,6
Chava,King,Donec@lectuspedeultrices.edu,Ap #171-5571 Imperdiet	Avenue	Warren	Oregon,false,4,7
Chandler,Bentley,Cras.eu@Integerid.org,111-6685 Felis Av.	Claremore	MA,true,4,5
August,Cooley,ultrices@Crasvehicula.ca,975-1459 Montes	Rd.	Minneapolis	AL,true,4,4
Byron,Peterson,ultrices@sit.ca,P.O. Box 583	9055 Tortor	St.	Gallup	Alabama,true,4,5
Caryn,Pratt,purus.mauris.a@Crasvehiculaaliquet.ca,4414 Pretium St.	Chickasha	Kentucky,false,2,3
Colby,Fry,porttitor.vulputate.posuere@nisi.edu,Ap #263-6454 Nulla St.	Signal Hill	WI,true,1,3
Caesar,Albert,enim.consequat.purus@elit.ca,Ap #277-2390 Tristique Road	Burlingame	PA,true,1,0
Bell,Avery,velit.Aliquam.nisl@Craseutellus.org,P.O. Box 786	6911 Sed St.	Galesburg	FL,false,2,6
Grant,Slender,gslender@iinet.com.au,53 Tallow Wood,true,2,0
